recorded_at,session,flange_id,bolt_id,state,torque_pct,hit_no,recorded_by,device_id,record_id,mic_peak_hz,mic_mag,mic_energy_pct,acc_peak_hz,acc_mag,acc_energy_pct
2026-10-05T18:07:06+09:00,20261005,FL001,B01,normal,100,1,홍길동,TAP-USB,FL001-B01-20261005180703,242.2,0.063,9.3,35.2,0.011,54.7
2026-10-05T18:07:15+09:00,20261005,FL001,B01,normal,100,2,홍길동,TAP-USB,FL001-B01-20261005180713,1093.8,1.0,35.9,132.8,1.762,86.0
2026-10-06T13:39:16+09:00,20261006,FL101,B01,normal,100,1,홍길동,TAP-USB,FL101-B01-20261006133911,445.3,1.0,20.7,164.1,1.022,86.8
2026-10-06T13:39:20+09:00,20261006,FL101,B01,normal,100,2,홍길동,TAP-USB,FL101-B01-20261006133918,445.3,1.0,26.1,132.8,0.866,70.1
2026-10-06T13:39:23+09:00,20261006,FL101,B01,normal,100,3,홍길동,TAP-USB,FL101-B01-20261006133921,484.4,0.937,16.2,218.8,1.168,78.8
2026-10-06T13:39:27+09:00,20261006,FL101,B01,normal,100,4,홍길동,TAP-USB,FL101-B01-20261006133924,203.1,0.967,34.3,132.8,0.831,85.1
2026-10-06T13:39:30+09:00,20261006,FL101,B01,normal,100,5,홍길동,TAP-USB,FL101-B01-20261006133929,515.6,0.998,26.8,160.2,0.927,74.4
2026-10-06T13:39:39+09:00,20261006,FL101,B01,normal,100,6,홍길동,TAP-USB,FL101-B01-20261006133939,445.3,0.986,21.2,168.0,0.709,72.8
2026-10-06T13:39:42+09:00,20261006,FL101,B01,normal,100,7,홍길동,TAP-USB,FL101-B01-20261006133941,453.1,0.946,48.2,171.9,0.627,65.5
2026-10-06T13:39:45+09:00,20261006,FL101,B01,normal,100,8,홍길동,TAP-USB,FL101-B01-20261006133944,351.6,1.0,43.5,195.3,0.814,80.1
2026-10-06T13:39:47+09:00,20261006,FL101,B01,normal,100,9,홍길동,TAP-USB,FL101-B01-20261006133946,234.4,0.993,32.4,43.0,0.593,50.9
2026-10-06T13:39:51+09:00,20261006,FL101,B01,normal,100,10,홍길동,TAP-USB,FL101-B01-20261006133950,492.2,1.0,34.9,35.2,0.933,71.1
